SNP,a-thujone,b-thujone,sabinene,a-thujaplicin,b-thujaplicin,g-thujaplicin,b-thujaplicinol,ht15,dbh15
28137572_3722,1,0,0,0,0,0,0,0,0
28192759_651,1,0,0,0,0,0,0,0,0
28367983_508,0,0,1,0,0,0,0,0,0
28807472_2611,0,0,0,0,0,0,1,0,0
29183264_3812,0,0,0,0,0,0,0,1,0
29334532_14739,0,0,0,0,0,0,0,0,1
29334616_161770,1,0,0,0,0,0,0,0,0
29334714_12160,0,0,0,0,0,0,0,0,1
29336622_261097,0,0,0,0,0,0,0,1,1
29336622_261098,0,0,0,0,0,0,0,1,1
29336622_261123,0,0,0,0,0,0,0,1,1
29339868_864445,0,0,0,0,0,1,1,0,0
29340871_190938,0,0,0,0,1,0,0,0,0
29342646_55233,0,0,0,0,0,0,1,0,0
29346209_126139,0,0,0,0,0,0,0,0,1
29350804_444902,0,0,0,0,1,0,0,0,0
29353612_1001474,0,0,0,0,0,1,0,0,0
29359568_190786,0,0,0,0,0,1,0,0,0
29360359_144062,1,1,0,0,0,0,0,0,0
29361536_10315,0,0,0,0,0,0,0,0,1
29363841_126147,0,0,0,0,1,0,0,0,0
29366853_227675,0,0,0,0,0,1,0,0,0
29366853_227726,0,0,0,0,0,1,0,0,0
293683531_284543,0,0,0,1,0,0,0,0,0
29374697_3578,1,0,0,0,0,0,0,0,0
29376988_1209014,0,1,0,0,0,0,0,0,0
29377012_293138,0,0,0,0,1,0,0,0,0
29377047_1594603,0,0,0,0,0,1,0,0,0
29377105_2636819,0,0,0,1,0,1,1,0,0
29377112_284423,1,0,0,0,0,0,0,0,0
29377127_2465852,0,0,0,0,0,0,1,0,0
29377170_6971253,0,0,0,0,0,0,0,0,1
29377187_804007,0,0,1,0,0,0,0,0,0
29377193_1323886,0,0,0,0,0,1,0,0,0
29377236_118453,0,0,0,0,0,1,0,0,0
29377269_787987,0,0,0,0,0,1,0,0,0
29377269_788019,0,0,0,0,0,1,0,0,0
29377269_788034,0,0,0,0,0,1,0,0,0
29377269_788044,0,0,0,0,0,1,0,0,0
29377274_2149883,0,1,0,0,0,0,0,0,0
29377274_2154616,0,1,0,0,0,0,0,0,0
29377274_2178901,0,1,0,0,0,0,0,0,0
29377328_548284,0,0,0,0,0,0,0,1,0
29377330_360594,0,0,0,1,1,1,0,0,0
29377330_360596,0,0,0,0,1,1,0,0,0
29377337_984753,0,0,0,0,0,0,1,0,0
29377344_1234606,0,0,0,0,0,0,0,0,1
29377344_1234623,0,0,0,0,0,0,0,0,1
29377344_1234632,0,0,0,0,0,0,0,0,1
29377344_1234633,0,0,0,0,0,0,0,0,1
29377384_806678,0,0,0,0,0,1,0,0,0
29377386_183384,0,0,0,0,0,0,0,1,0
29377428_856154,0,1,0,0,0,0,0,0,0
29377442_735919,0,0,0,0,0,1,0,0,0
29377442_735972,0,0,0,0,0,1,0,0,0
29377442_736349,0,0,0,0,0,1,0,0,0
29377531_5336417,0,1,0,0,0,0,0,0,0
29377537_4285359,0,0,0,0,1,0,0,0,0
29377559_3925353,0,0,0,0,0,0,0,1,0
29377574_250479,0,0,0,0,0,0,1,0,0
29377600_1072327,0,0,0,0,0,0,0,1,0
29377672_1132454,0,0,0,0,1,0,0,0,0
29377726_1470058,0,0,0,1,0,0,0,0,0
29377726_500637,0,0,0,1,0,0,0,0,0
29377726_565245,0,0,0,1,0,0,0,0,0
29377741_618007,0,1,0,0,0,0,0,0,0
29377741_618062,0,1,0,0,0,0,0,0,0
29377741_618075,0,1,0,0,0,0,0,0,0
29377742_307959,0,0,0,0,0,1,1,0,0
29377749_1229998,0,0,0,0,1,0,0,0,0
29377763_755527,0,0,0,0,1,0,0,0,0
29377784_1652999,0,0,0,0,0,0,1,0,0
29377784_5076944,0,0,0,0,0,0,0,1,0
29377802_673578,0,0,0,0,0,0,0,1,1
29377803_874987,0,0,0,0,1,0,0,0,0
29377845_608188,1,0,0,0,0,0,0,0,0
29377905_372377,0,0,0,0,0,0,0,0,1
29377909_1985546,1,0,0,0,0,0,0,0,0
29377909_1985547,1,0,0,0,0,0,0,0,0
29377909_1985550,1,0,0,0,0,0,0,0,0
29377981_257764,0,1,0,0,0,0,0,0,0
29378006_3366185,0,0,0,0,0,0,0,1,1
29378006_3366194,0,0,0,0,0,0,0,1,1
29378020_39051,1,0,0,0,0,0,0,0,0
29378020_39137,1,0,0,0,0,0,0,0,0
29378039_672506,0,0,0,0,1,0,0,0,0
29378064_4582610,0,1,0,0,0,0,0,0,0
29378075_1666895,0,0,0,1,0,0,1,0,0
29378113_1323991,0,0,1,0,0,0,0,0,0
29378117_749619,0,1,0,0,0,0,0,0,0
29378117_749701,0,1,0,0,0,0,0,0,0
29378132_719648,0,0,0,1,0,0,0,0,0
29378137_1925240,0,0,1,0,0,0,0,0,0
29378137_1925356,0,0,1,0,0,0,0,0,0
29378169_194057,0,0,0,0,0,1,0,0,0
29378169_2573652,0,0,0,0,0,1,1,0,0
29378174_975014,0,0,0,1,0,0,0,0,0
29378182_229275,0,0,0,1,0,0,0,0,0
29378197_164979,0,0,0,0,0,0,1,0,0
29378206_173269,0,0,0,1,0,0,0,0,0
29378313_1551585,0,0,0,0,0,1,0,0,0
29378318_3448780,0,0,0,0,0,0,0,0,1
29378322_1059125,0,1,0,0,0,0,0,0,0
29378322_1059141,0,1,0,0,0,0,0,0,0
29378322_1059178,0,1,0,0,0,0,0,0,0
29378335_128283,1,0,0,0,0,0,0,0,0
29378377_4827473,0,0,0,0,1,0,0,0,0
29378418_472348,0,0,0,0,0,0,0,1,0
29378424_1520399,0,0,0,1,0,0,1,0,0
29378425_283758,0,0,0,0,0,0,0,0,1
29378427_1262475,0,0,0,0,0,0,0,1,0
29378445_1516603,0,0,1,0,0,0,0,0,0
29378461_3042646,0,0,0,0,1,0,0,0,0
29378467_532476,0,0,0,0,0,0,1,0,0
29378480_554428,0,0,1,0,0,0,0,0,0
29378484_1000348,0,0,0,1,1,0,0,0,0
29378484_1000365,0,0,0,1,0,0,0,0,0
29378484_1017441,0,0,0,0,1,0,0,0,0
29378485_7196614,0,0,0,0,1,0,0,0,0
29378485_7435395,0,0,0,0,0,0,1,0,0
29378487_1874963,0,0,0,0,1,0,0,0,0
29378491_600656,1,0,0,0,0,0,0,0,0
29378497_3034671,0,0,0,0,0,0,1,0,0
29378499_1673502,0,0,0,0,0,0,0,1,0
29378499_428812,0,0,0,0,1,0,0,0,0
29378540_672811,0,0,0,0,0,0,1,0,0
29378588_32808,0,0,0,0,0,0,1,0,0
29378604_1604508,0,0,0,0,0,0,0,0,1
29378604_1604564,0,0,0,0,0,0,0,1,1
29378612_105882,0,0,0,1,0,0,0,0,0
29378612_105933,0,0,0,1,0,0,0,0,0
29378637_732435,0,0,0,0,0,0,1,0,0
29378654_1286150,0,0,0,0,0,0,0,0,1
29378722_904950,0,0,0,0,0,0,1,0,0
29378728_734953,0,0,0,0,1,0,0,0,0
29378737_221596,0,0,0,0,0,1,0,0,0
29378737_221611,0,0,0,0,0,1,1,0,0
29378737_221617,0,0,0,0,0,1,1,0,0
29378737_221800,0,0,0,0,0,1,0,0,0
29378737_222313,0,0,0,0,0,1,0,0,0
29378758_1466455,0,0,0,1,0,0,0,0,0
29378758_341684,0,1,0,0,0,0,1,0,0
29378758_341703,0,1,0,0,0,0,0,0,0
29378772_385759,0,1,0,0,0,0,0,0,0
29378800_156121,0,0,0,0,0,0,1,0,0
29378800_156149,0,0,0,0,0,1,1,0,0
29378811_113570,0,0,0,1,0,0,0,0,0
29378826_2012144,0,0,0,0,0,0,1,0,0
29378826_2482958,0,0,0,1,0,0,0,0,0
29378839_1910893,0,0,0,1,0,0,1,0,0
29378839_1910894,0,0,0,0,0,0,1,0,0
29378839_1910916,0,0,0,0,0,0,1,0,0
29378839_2029945,0,0,0,1,0,1,1,0,0
29378839_2554905,0,0,0,1,0,0,1,0,0
29378890_896398,1,1,0,0,0,0,0,0,0
29378896_6403412,1,0,0,0,0,0,0,0,0
29378903_1058234,0,0,1,0,0,0,0,0,0
29378908_1755152,0,0,0,0,0,0,1,0,0
29378908_1755173,0,0,0,1,0,0,0,0,0
29378908_1972833,0,0,1,0,0,0,0,0,0
29378913_6079056,1,0,0,0,0,0,0,0,0
29378917_2471562,0,0,0,0,0,0,0,0,1
29378917_2471582,0,0,0,0,0,0,0,0,1
29378966_2555546,0,0,0,1,0,0,0,0,0
29378974_2896862,1,0,1,0,0,0,0,0,0
29378987_3057867,0,0,0,0,1,0,0,0,0
29378987_3057959,0,0,0,0,1,0,0,0,0
29379003_313478,0,0,0,0,0,1,0,0,0
29379006_810189,0,0,0,1,0,0,0,0,0
29379006_810302,0,0,0,1,0,0,0,0,0
29379006_843508,0,0,0,0,0,1,0,0,0
29379024_4613371,0,0,1,0,0,0,0,0,0
29379024_4613476,0,0,1,0,0,0,0,0,0
29379028_2037475,1,0,0,0,0,0,0,0,0
29379031_176425,0,0,0,0,0,1,0,0,0
29379066_593501,0,0,0,0,0,1,0,0,0
29379066_593502,0,0,0,0,0,1,0,0,0
29379071_47103,0,0,0,1,0,0,0,0,0
29379082_202076,0,0,1,0,0,0,0,0,0
29379107_522039,0,1,0,0,0,0,0,0,0
29379126_479209,0,0,0,1,0,0,0,0,0
29379126_479227,0,0,0,1,0,0,0,0,0
29379160_2929114,0,0,0,0,0,0,0,1,0
29379160_3201155,0,0,0,0,0,0,0,1,0
29379160_3395933,0,0,0,0,0,0,0,1,0
29379182_782143,0,0,0,1,0,0,0,0,0
29379187_1727452,0,0,0,0,0,0,0,1,0
29379188_2233632,0,0,0,0,0,0,1,0,0
29379217_1794119,0,0,0,0,0,1,1,0,0
29379217_2733392,0,0,0,0,0,0,0,0,1
29379252_558110,0,1,0,0,0,0,0,0,0
29379272_1060930,0,0,0,0,0,0,0,1,0
29379354_688190,1,0,0,0,0,0,0,0,0
29379392_127933,0,0,0,0,0,1,0,0,0
29379404_674832,0,0,1,0,0,0,0,0,0
29379404_674962,0,0,1,0,0,0,0,0,0
29379404_674973,0,0,1,0,0,0,0,0,0
29379404_675844,0,0,1,0,0,0,0,0,0
29379404_726595,0,0,1,0,0,0,0,0,0
29379404_726604,0,0,1,0,0,0,0,0,0
29379410_376144,0,0,0,0,0,0,1,0,0
29379470_3027619,0,1,0,0,0,0,0,0,0
29379503_1263628,0,0,0,0,0,1,0,0,0
29379547_109117,1,0,0,0,0,0,0,0,0
29379547_109148,1,0,0,0,0,0,0,0,0
29379547_109170,1,0,0,0,0,0,0,0,0
29379593_652363,0,0,0,0,0,1,1,0,0
29379593_788665,0,0,0,0,0,0,0,1,0
29379598_3024647,0,0,0,0,1,0,0,0,0
29379622_3658512,0,0,1,0,0,0,0,0,0
29379649_394799,0,0,0,1,0,0,0,0,0
29379665_2997611,0,0,0,0,0,0,0,1,1
29379665_6885268,1,1,0,0,0,0,0,0,0
29379666_2108509,0,1,0,0,0,0,0,0,0
29379668_1402385,0,0,0,0,0,1,0,0,0
29379675_1259130,0,0,0,0,0,0,0,0,1
29379713_2482428,0,0,0,0,0,0,1,0,0
29379717_2452959,0,0,0,0,0,0,1,0,0
29379732_1191886,1,0,0,0,0,0,0,0,0
29379732_967135,1,1,0,0,0,0,0,0,0
29379732_967136,1,1,0,0,0,0,0,0,0
29379743_1908823,0,0,0,0,1,0,1,0,0
29379766_2812828,0,1,0,0,0,0,0,0,0
29379799_4014086,0,0,0,0,1,0,0,0,0
29379802_1858027,0,1,0,0,0,0,0,0,0
29379807_340753,0,0,0,0,0,0,1,0,0
29379808_3140667,0,0,0,0,1,0,0,0,0
29379808_3142409,0,0,0,0,1,0,0,0,0
29379821_1812237,0,1,0,0,0,0,0,0,0
29379821_2295103,0,1,0,0,0,0,0,0,0
29379826_905825,0,0,0,0,0,0,0,0,1
29379871_3920596,0,0,0,1,0,0,0,0,0
29379871_4132972,0,0,0,0,0,1,0,0,0
29379915_1173293,0,1,0,0,0,0,0,0,0
29379915_1425555,0,0,1,0,0,0,0,0,0
29379924_1993873,1,0,0,0,0,0,0,0,0
29379948_4403120,0,0,0,0,0,1,0,0,0
29379987_440021,0,0,0,0,1,0,0,0,0
29379996_920481,0,0,0,0,1,0,0,0,0
29379997_117726,0,0,0,1,0,0,0,0,0
29380013_12845945,0,0,0,0,0,0,0,0,1
29380020_79635,0,0,0,0,1,0,0,0,0
29380025_200774,0,0,0,0,0,1,0,0,0
29380060_1526202,1,0,0,0,0,0,0,0,0
29380060_1526226,1,0,0,0,0,0,0,0,0
29380138_377482,0,0,0,0,0,0,1,0,0
29380155_1082974,0,0,1,0,0,0,0,0,0
29380155_1422387,0,0,0,0,0,0,0,1,0
29380174_425198,1,0,1,0,0,0,0,0,0
29380174_633979,1,0,0,0,0,0,0,0,0
29380174_635560,1,0,1,0,0,0,0,0,0
29380212_3917277,1,0,0,0,0,0,0,0,0
29380217_3607297,0,0,0,0,0,0,0,1,1
29380299_1852483,0,1,0,0,0,0,0,0,0
29380308_1826882,0,0,0,1,0,0,0,0,0
29380323_201909,0,0,0,0,0,0,0,1,0
29380345_104474,0,1,0,0,0,0,0,0,0
29380345_3114682,0,0,0,0,0,1,0,0,0
29380350_840029,0,0,0,1,0,0,0,0,0
29380377_950840,1,0,0,0,0,0,0,0,0
29380377_950843,1,0,0,0,0,0,0,0,0
29380396_1307994,0,0,1,0,0,0,0,0,0
29380434_1276800,0,0,0,0,0,0,1,0,0
29380497_906898,0,0,0,0,1,0,1,0,0
29380497_906916,0,0,0,1,1,0,1,0,0
29380497_906923,0,0,0,1,1,0,1,0,0
29380497_934131,0,0,0,0,0,0,0,1,0
29380612_335861,0,0,0,0,0,1,0,0,0
29380712_2837379,0,0,0,0,0,1,0,0,0
29380720_457909,0,0,0,0,0,1,0,0,0
29380728_1075128,0,0,0,1,0,0,0,0,0
29380747_1603658,0,0,0,0,0,0,1,0,0
29380747_1850705,1,0,0,0,0,0,0,0,0
29380756_24796,0,0,0,1,0,0,0,0,0
29380762_101134,1,0,0,0,0,0,0,0,0
29380762_419146,0,0,0,0,0,0,0,1,1
29380781_1177145,1,0,0,0,0,0,0,0,0
29380786_1913823,0,0,0,0,1,0,0,0,0
29380844_294764,0,0,0,0,0,0,0,1,0
29380860_1039951,0,0,0,0,0,1,1,0,0
29380860_1898571,0,0,0,0,0,0,1,0,0
29380860_1939816,0,0,0,0,0,1,1,0,0
29380860_2026734,0,0,0,0,1,1,1,0,0
29380860_2026804,0,0,0,0,0,1,1,0,0
29380860_2026919,0,0,0,0,0,1,1,0,0
29380860_2035273,0,0,0,0,1,0,0,0,0
29380860_2035371,0,0,0,0,1,0,0,0,0
29380860_2103822,0,0,0,0,1,1,1,0,0
29380870_2873150,0,0,0,0,1,0,0,0,0
29380870_3114347,0,0,0,1,0,0,0,0,0
29380886_816804,0,0,0,0,0,1,0,0,0
29380901_129095,0,0,0,0,0,0,0,0,1
29380901_4067227,0,0,0,0,0,1,0,0,0
29380939_737945,0,0,0,0,0,0,1,0,0
29380945_452411,0,0,0,0,0,0,0,1,0
29380961_566970,1,0,0,0,0,0,0,0,0
29380970_1095731,1,0,0,0,0,0,0,0,0
29381009_130291,1,0,0,0,0,0,0,0,0
29381038_298152,0,0,0,0,0,0,0,1,0
29381073_966796,0,0,0,0,0,0,0,1,0
29381082_1503190,0,0,0,1,0,0,0,0,0
29381088_929391,0,0,0,0,0,0,0,1,0
29381101_2329180,0,0,0,0,1,0,0,0,0
29381111_67774,0,0,1,0,0,0,0,0,0
29381122_68977,0,1,0,0,0,0,0,0,0
29381126_582446,0,0,0,1,0,0,0,0,0
29381145_5985291,0,0,0,0,0,0,0,0,1
29381152_1614550,1,0,0,0,0,0,0,0,0
29381152_1614552,1,0,0,0,0,0,0,0,0
29381152_1661539,1,0,0,0,0,0,0,0,0
29381152_2910511,1,0,0,0,0,0,0,0,0
29381153_361609,0,0,0,0,0,0,0,1,0
29381155_264357,0,0,0,0,0,0,1,0,0
29381221_486957,0,0,0,0,0,0,0,0,1
29381233_1166555,1,1,0,0,0,0,0,0,0
29381257_5045535,0,0,0,0,0,0,1,0,0
29381293_577631,1,0,0,0,0,0,0,0,0
29381295_482401,0,0,0,1,0,0,0,0,0
29381308_856810,0,0,0,0,1,0,0,0,0
29381311_4221382,0,1,0,0,0,0,0,0,0
29381311_4457287,0,0,0,0,0,0,0,1,0
29381311_4461224,0,0,0,0,0,0,0,1,1
29381324_1253528,0,0,0,0,0,0,0,1,1
29381363_143775,0,0,0,1,0,0,0,0,0
29381388_1649538,0,0,0,0,0,1,0,0,0
29381388_1649603,0,0,0,0,0,1,0,0,0
29381388_1755465,0,1,0,0,0,0,0,0,0
29381393_1958206,0,0,0,0,0,0,1,0,0
29381403_3327897,1,0,0,0,0,0,0,0,0
29381415_26923,0,1,0,0,0,0,0,0,0
29381420_2578851,0,0,0,0,0,1,0,0,0
29381427_959085,1,0,0,0,0,0,0,0,0
29381438_1052516,0,1,0,0,0,0,0,0,0
29381438_1422824,0,0,0,0,0,1,1,0,0
29381438_1422863,0,1,0,0,0,0,0,0,0
29381466_1440234,0,0,0,0,1,0,0,0,0
29381491_1827243,0,0,0,0,0,0,0,1,0
29381497_202514,1,0,0,0,0,0,0,0,0
29381500_124942,0,0,0,0,0,0,1,0,0
29381500_5041209,0,0,0,0,0,0,1,0,0
29381512_780036,0,0,0,0,0,1,1,0,0
29381512_780064,0,0,0,0,0,1,0,0,0
29381518_987651,0,0,0,0,0,0,1,0,0
29381521_709845,0,0,0,0,0,0,0,1,0
29381523_4088788,0,0,0,0,1,0,0,0,0
29381526_2995206,0,0,0,0,0,0,0,1,0
29381548_1356722,0,1,0,0,0,0,0,0,0
29381548_519258,0,1,0,0,0,0,0,0,0
29381555_1119251,0,0,0,1,0,0,0,0,0
29381559_474890,0,0,0,0,0,0,1,0,0
29381584_6973304,0,0,0,0,0,0,1,0,0
29381615_93117,0,0,0,1,0,0,0,0,0
29381632_523611,0,0,0,0,0,0,1,0,0
29381635_1976265,0,0,0,0,0,0,0,0,1
29381658_7965319,0,0,0,0,0,0,0,0,1
29381685_500085,0,0,0,0,0,0,0,0,1
29381721_90874,0,0,0,0,0,0,0,0,1
29381721_90955,0,0,0,0,0,0,1,0,0
29381731_52983,0,0,0,0,0,0,0,0,1
29381751_278243,1,0,0,0,0,0,0,0,0
29381766_1185266,0,0,0,0,0,0,0,0,1
29381776_5672339,0,0,0,1,0,0,0,0,0
29381795_2731443,1,0,0,0,0,0,0,0,0
29381795_59205,0,0,0,1,0,0,0,0,0
29381804_2317971,0,0,0,0,0,0,0,0,1
29381804_3073582,0,0,0,0,0,1,1,0,0
29381804_4507816,0,0,0,0,1,0,0,0,0
29381804_4576289,0,0,0,0,1,0,0,0,0
29381824_1667499,0,0,0,1,0,0,0,0,0
29381866_1047757,0,0,0,0,0,1,0,0,0
29381866_3654554,0,1,0,0,0,0,0,0,0
29381866_3654555,0,1,0,0,0,0,0,0,0
29381870_2101790,0,0,0,0,0,0,1,0,0
29381870_2215506,0,0,0,0,0,0,0,0,1
29381913_2256239,0,1,0,0,0,0,0,0,0
29381913_2383259,0,1,0,0,0,0,0,0,0
29381956_324237,1,0,0,0,0,0,0,0,0
29381992_1359118,0,0,0,0,0,0,0,0,1
29381996_790799,0,1,0,0,0,0,0,0,0
29382008_860648,1,0,0,0,0,0,0,0,0
29382018_113341,0,0,0,0,0,0,0,0,1
29382065_1308096,0,0,0,0,1,0,0,0,0
29382100_399205,0,0,0,0,0,0,1,0,0
29382100_568593,0,0,0,1,0,0,0,0,0
29382100_568667,0,0,0,1,0,0,0,0,0
29382102_4542200,0,0,0,0,1,0,0,0,0
29382116_1686681,0,0,0,0,0,0,0,1,0
29382116_1686722,0,0,0,0,0,0,0,1,0
29382119_1668563,0,0,0,0,1,0,0,0,0
29382119_1668569,0,0,0,0,1,0,0,0,0
29382125_1526792,0,0,0,0,1,0,0,0,0
29382125_1571150,0,0,0,0,0,1,0,0,0
29382126_617205,0,0,0,0,1,0,0,0,0
29382134_427468,0,0,0,0,0,0,0,1,1
29382193_2057200,0,0,0,0,0,1,0,0,0
29382193_2057229,0,0,0,0,0,1,0,0,0
29382227_277394,0,0,0,0,1,0,0,0,0
29382233_142717,0,0,0,1,0,0,0,0,0
29382233_142760,0,0,0,1,0,0,0,0,0
29382243_2163728,0,0,0,0,0,0,1,0,0
29382294_1854276,0,0,0,0,0,0,0,1,0
29382319_2404603,1,0,0,0,0,0,0,0,0
29382319_2404622,1,0,0,0,0,0,0,0,0
29382319_2404696,1,0,0,0,0,0,0,0,0
29382319_2404831,1,1,0,0,0,0,0,0,0
29382325_572243,1,1,0,0,0,0,0,0,0
29382373_759274,0,0,0,0,0,1,0,0,0
29382414_1596826,0,1,0,0,0,0,0,0,0
29382414_1728392,0,1,0,0,0,0,0,0,0
29382416_3761110,0,0,1,0,0,0,0,0,0
29382419_253771,0,0,0,1,0,0,0,0,0
29382448_2587833,0,0,0,0,0,0,0,1,0
29382448_2718630,0,1,0,0,0,0,0,0,0
29382448_3024788,0,0,0,0,0,0,0,1,0
29382481_406133,0,0,0,1,0,0,0,0,0
29382501_467243,0,0,0,0,0,0,0,1,0
3557657_494,0,0,1,0,0,0,0,0,0
